FirstName,LastName,Username,Password,OU,Group
Sangameshwar,Gharanikar,sangmesh,Sangmesh@123,SOCC,Admins
Ambarish,Oturkar,ambarish,Ambhi@123,SOCC,Admins
Amit,Jatale,amit.jatale,Amit@1234,SOCC,Admins
Abhijit,Chaudhari,abhi.chaudhari,Abhijit@1234,SOCC,Admins
Omesh,Tekade,omesh.tekade,Omesh@1234,SOCC,IT-Support
Ramkishor,Vishwakarma,ram.kishor,RamRam123,SOCC,IT-Support
Sneha,Harlikar,sneha,Sneha@1234,SOCC,IT-Support
Amit,Galgate,amit.galgate,Amit@1234,SOCC,IT-Support
Dhiraj,Shillak,dhiraj,Dhiraj@1234,SOCC,IT-Support
Sukesh,Vadi,sukesh,Sukesh@1234,SOCC,Web-Admin
Sachin,Bhole,sachin,Sachin@1234,SOCC,Net-Admin
Ketan,Gajare,ketan,Ketan@1234,SOCC,Net-Admin
